sample_idx,shap_json_path,prediction_label,prediction_probability,feature_rank,feature,feature_definition,feature_direction,feature_shap_value,feature_abs_shap,question,answer,selected_sources,evidence_sentences,retrieval_params
36,SHAP/Test Dataset Local Shap Correct/shap_tuples_non_prefix_36.json,UNKNOWN,UNKNOWN,1,checking_status_no checking,Checking account status: no checking account.,increase_risk,0.05863555433423048,0.05863555433423048,Empirical analysis of the impact of lacking a checking account on elevated credit default probability.,"Based on the provided context, the empirical analysis indicates that lacking a checking account is actually associated with a reduced probability of credit default, directly contradicting the premise of elevated risk. In the regression-based credit risk model, the ""no checking account"" category demonstrates a statistically meaningful negative association with credit risk when benchmarked against the reference group of applicants holding balances greater than 200 DM. The model estimates a log-odds coefficient of -0.898 for this category, which translates to an odds ratio of approximately 0.41. This statistical output signifies that individuals without a checking account possess roughly 59% lower odds of being classified as bad credit risks relative to the high-balance baseline. While other checking account statuses, such as balances below 0 DM, are shown to significantly increase default probability, the complete absence of an account functions as a lower-risk indicator within this specific dataset. These results suggest that in this particular modeling context, the lack of a checking account does not serve as a predictor of elevated default likelihood, and may instead reflect a distinct financial profile that the algorithm associates with greater repayment reliability.

**Evidence Bullets:**
- The ""no checking account"" category carries a log-odds coefficient of -0.898, indicating a negative directional impact on credit risk (Source: regression-based credit risk modeling.pdf, p. 26).
- This coefficient corresponds to an odds ratio of approximately 0.41, meaning applicants without a checking account have substantially lower odds of being classified as bad credit risks compared to the reference category (Source: regression-based credit risk modeling.pdf, p. 26).
- The analysis explicitly confirms that the ""no checking account"" category is associated with a lower estimated risk in the dataset, contrasting with negative balance categories that show significantly higher risk (Source: regression-based credit risk modeling.pdf, p. 29).","[{""source"": ""regression-based credit risk modeling.pdf"", ""page"": 29, ""score"": 0.20358788967132568}, {""source"": ""An_Investigation_of_Credit_Card_Default_Prediction_in_the_Imbalanced_Datasets.pdf"", ""page"": 23, ""score"": 0.2037588357925415}, {""source"": ""regression-based credit risk modeling.pdf"", ""page"": 26, ""score"": 0.2134975790977478}, {""source"": ""An_Investigation_of_Credit_Card_Default_Prediction_in_the_Imbalanced_Datasets.pdf"", ""page"": 24, ""score"": 0.21750915050506592}, {""source"": ""The Application of Tree-based model to Unbalanced German Credit Data Analysis.pdf"", ""page"": 2, ""score"": 0.21782130002975464}]","[{""source"": ""regression-based credit risk modeling.pdf"", ""page"": 29, ""score"": 0.20358788967132568, ""sentence"": ""while the category of no checking account is associated with a lower estimated risk in this dataset.""}, {""source"": ""An_Investigation_of_Credit_Card_Default_Prediction_in_the_Imbalanced_Datasets.pdf"", ""page"": 23, ""score"": 0.2037588357925415, ""sentence"": ""This low-productivity, signiﬁcant expense conjectures cannot meet consumer ﬁnance enterprise’s credit""}, {""source"": ""regression-based credit risk modeling.pdf"", ""page"": 26, ""score"": 0.2134975790977478, ""sentence"": ""The no checking account category has lower estimated log-odds compared to the baseline, with an odds ratio ofe −0.898 ≈0.41.""}, {""source"": ""An_Investigation_of_Credit_Card_Default_Prediction_in_the_Imbalanced_Datasets.pdf"", ""page"": 24, ""score"": 0.21750915050506592, ""sentence"": ""We tried our best to make a thorough analysis, and there are still a few possible""}, {""source"": ""The Application of Tree-based model to Unbalanced German Credit Data Analysis.pdf"", ""page"": 2, ""score"": 0.21782130002975464, ""sentence"": ""However, there are two unique features in credit evaluation analysis.""}]","{""min_docs"": 3, ""max_docs"": 20, ""min_gap"": 0.001, ""max_chunks_per_source"": 2, ""inspect_all"": false}"
36,SHAP/Test Dataset Local Shap Correct/shap_tuples_non_prefix_36.json,UNKNOWN,UNKNOWN,2,duration,Loan duration in months.,decrease_risk,-0.040896648926169926,0.040896648926169926,Statistical assessment of loan duration in months as a factor contributing to reduced credit risk.,"Based on the provided context, loan duration does not function as a factor that reduces credit risk; instead, it is explicitly identified as a predictor that increases credit risk. The analysis indicates that longer loan durations are positively associated with a higher likelihood of default, which aligns with standard theoretical expectations in credit scoring literature. Although the excerpt does not report exact regression coefficients or p-values for duration, it confirms that this variable is a statistically meaningful key risk indicator within the reduced model. The positive directional impact means that as the loan term extends, the borrower's probability of default rises rather than falls. Consequently, the premise that duration reduces credit risk is directly contradicted by the empirical findings presented in the source material.

Evidence Bullets:
- Duration (direction: positive) is explicitly stated to increase the likelihood of credit risk as loan terms lengthen (Source: regression-based credit risk modeling.pdf, page 23).
- The positive relationship between duration and credit risk aligns with theoretical expectations and validates the reduced model as an effective descriptive benchmark (Source: regression-based credit risk modeling.pdf, page 23).
- While specific numerical coefficients or p-values are not provided in the excerpt, the directional effect is explicitly confirmed as positive, indicating that extended loan terms elevate rather than mitigate default probability (Source: regression-based credit risk modeling.pdf, page 23).","[{""source"": ""Research on Credit Risk Assessment Optimization based on Machine Learning.pdf"", ""page"": 2, ""score"": 0.17590034008026123}, {""source"": ""regression-based credit risk modeling.pdf"", ""page"": 23, ""score"": 0.17943263053894043}, {""source"": ""regression-based credit risk modeling.pdf"", ""page"": 7, ""score"": 0.1900818943977356}]","[{""source"": ""Research on Credit Risk Assessment Optimization based on Machine Learning.pdf"", ""page"": 2, ""score"": 0.17590034008026123, ""sentence"": ""Credit risk assessment is the most basic and critical part of credit loan management.""}, {""source"": ""regression-based credit risk modeling.pdf"", ""page"": 23, ""score"": 0.17943263053894043, ""sentence"": ""These findings confirm that the reduced model serves as an effective descriptive benchmark.""}, {""source"": ""regression-based credit risk modeling.pdf"", ""page"": 7, ""score"": 0.1900818943977356, ""sentence"": ""Empirical work has exam- ined how demographic characteristics, such as age and marital status, and loan terms, such as loan size and interest rate, affect the borrower’s ability to repay on time (Özdemir, 2008).""}]","{""min_docs"": 3, ""max_docs"": 20, ""min_gap"": 0.001, ""max_chunks_per_source"": 2, ""inspect_all"": false}"
36,SHAP/Test Dataset Local Shap Correct/shap_tuples_non_prefix_36.json,UNKNOWN,UNKNOWN,3,checking_status_0<=X<200,Checking account status: balance between 0 and 200 DM.,increase_risk,0.03933655191701661,0.03933655191701661,Determinants of elevated credit risk associated with maintaining a checking account balance between 0 and 200 DM.,"Based on the provided context, the checking account status is a highly significant determinant of credit risk, though the specific regression coefficient for the 0 to 200 DM balance range is not explicitly reported in the excerpts. The variable ranks first in predictive importance, demonstrating that account balance categories strongly influence default probability classification. The regression model establishes applicants with balances exceeding 200 DM as the reference baseline, against which other balance ranges are compared. While the exact directional impact of the 0 to 200 DM bracket is absent from the text, the model clearly shows that negative balances drastically elevate credit risk, whereas lacking an account entirely reduces it relative to the baseline. These results confirm that checking account status is a statistically robust predictor, with distinct balance thresholds driving meaningful shifts in log-odds and odds ratios. The absence of the 0–200 DM coefficient in the provided material limits precise quantification for that specific category, but the variable's overall dominance in feature selection underscores its critical role in credit risk assessment.

**Evidence Bullets:**
- Checking account status is the strongest predictor in the feature selection analysis, achieving the highest gain ratio of 0.052573 (Source: Analysis_of_feature_selection_techniques_in_credit_risk_assessment.pdf, page 4).
- Applicants with a checking account balance below 0 DM exhibit significantly elevated credit risk, with an estimated odds ratio of approximately 2.86 (e^1.051) relative to the >200 DM baseline (Source: regression-based credit risk modeling.pdf, page 26).
- The absence of a checking account is associated with a reduced probability of default, yielding an odds ratio of approximately 0.41 (e^-0.898) compared to the reference category (Source: regression-based credit risk modeling.pdf, page 26).
- The regression framework explicitly designates balances greater than 200 DM as the reference category, indicating that all other balance ranges are evaluated against this lower-risk baseline, though the specific coefficient for the 0–200 DM range is not detailed in the provided text (Source: regression-based credit risk modeling.pdf, page 26).","[{""source"": ""regression-based credit risk modeling.pdf"", ""page"": 26, ""score"": 0.21862667798995972}, {""source"": ""Interest and credit risk management in German banks.pdf"", ""page"": 24, ""score"": 0.2272552251815796}, {""source"": ""Analysis_of_feature_selection_techniques_in_credit_risk_assessment.pdf"", ""page"": 4, ""score"": 0.2507176995277405}, {""source"": ""Interest and credit risk management in German banks.pdf"", ""page"": 6, ""score"": 0.2525554299354553}]","[{""source"": ""regression-based credit risk modeling.pdf"", ""page"": 26, ""score"": 0.21862667798995972, ""sentence"": ""The checking accountStatusvariable uses applicants with more than 200 DM (Deutsche Mark) as the reference category.""}, {""source"": ""Interest and credit risk management in German banks.pdf"", ""page"": 24, ""score"": 0.2272552251815796, ""sentence"": ""slightly in the two different specifications, from −0.026 to −0.023.""}, {""source"": ""Analysis_of_feature_selection_techniques_in_credit_risk_assessment.pdf"", ""page"": 4, ""score"": 0.2507176995277405, ""sentence"": ""Value of gain ratio 1 Status of checking account 0.052573 20 Foreign worker 0.025499 3 Credit history 0.02548 2 Duration in month 0.025458 5 Credit amount 0.022629 6 Savings account 0.016658 13 Age in years 0.016078 15 Housing 0.011197 14 Other installment plans 0.010507 4 Purpose 0.009335 10 Others debtors 0.008909 12 Property 0.00872 7 Present employment since 0.006079 9 Personal status and sex 0.004445 19 Telephone 0.00099 17 Job 0.000946 16 Number of existing credits at bank 0 8 Installment rate in percentage 0 11 Present residence since 0 18 Number of people being liable to provide maintenance 0 The chi-square statistics is a correlation method used to""}, {""source"": ""Interest and credit risk management in German banks.pdf"", ""page"": 6, ""score"": 0.2525554299354553, ""sentence"": ""Dräger et al. nario of an interest level upward shift by 200 bp at the beginning of the stress horizon.""}]","{""min_docs"": 3, ""max_docs"": 20, ""min_gap"": 0.001, ""max_chunks_per_source"": 2, ""inspect_all"": false}"
