sample_idx,shap_json_path,prediction_label,prediction_probability,feature_rank,feature,feature_definition,feature_direction,feature_shap_value,feature_abs_shap,question,answer,selected_sources,retrieval_params
189,SHAP/100 Local Shap/shap_tuples_non_prefix_189.json,GOOD CREDIT RISK,0.0275,1,checking_status_no checking,Checking account status: no checking account.,decrease_risk,-0.06587551726680599,0.06587551726680599,Empirical analysis of the relationship between having no checking account and reduced credit default probability.,"Based on the regression-based credit risk modeling analysis, the category of having no checking account is explicitly associated with a lower estimated risk within the dataset. This finding suggests a negative relationship between the absence of a checking account and credit default probability in this specific empirical context. While demographic predictors are noted as less informative than financial variables, this specific financial indicator demonstrates a distinct risk direction. The analysis contrasts this with savings categories, where lower savings generally correlate with higher risk, though not all levels are statistically significant. Additionally, age shows a statistically significant negative association, reinforcing that older applicants are less likely to be classified as bad credit risks. Therefore, contrary to some intuitive expectations where banking history might imply stability, this dataset indicates the opposite for checking accounts. It is crucial to note that this result is specific to the dataset analyzed in the regression model provided. Other machine learning approaches mentioned in the context focus on imbalanced data but do not specify the checking account coefficient. Ultimately, the empirical evidence provided supports the premise that no checking account correlates with reduced credit risk in this study.

*   ""category of no checking account is associated with a lower estimated risk in this dataset"" (Source: regression-based credit risk modeling.pdf, Page 29).
*   ""lower savings categories are associated with higher estimated risk, although not all savings levels show statistically significant differences"" (Source: regression-based credit risk modeling.pdf, Page 29).
*   ""Age shows a statistically significant, modest negative association with credit risk in both logistic and linear models"" (Source: regression-based credit risk modeling.pdf, Page 29).
*   ""reduced OLS model still shows limited explanatory power, with an R2 of 0.24"" (Source: regression-based credit risk modeling.pdf, Page 23).","[{""source"": ""regression-based credit risk modeling.pdf"", ""page"": 29, ""score"": 0.1851601004600525}, {""source"": ""regression-based credit risk modeling.pdf"", ""page"": 23, ""score"": 0.20427930355072021}, {""source"": ""The Application of Tree-based model to Unbalanced German Credit Data Analysis.pdf"", ""page"": 2, ""score"": 0.2171802520751953}, {""source"": ""An_Investigation_of_Credit_Card_Default_Prediction_in_the_Imbalanced_Datasets.pdf"", ""page"": 2, ""score"": 0.21903693675994873}, {""source"": ""An_Investigation_of_Credit_Card_Default_Prediction_in_the_Imbalanced_Datasets.pdf"", ""page"": 23, ""score"": 0.22206908464431763}]","{""min_docs"": 3, ""max_docs"": 20, ""min_gap"": 0.001, ""max_chunks_per_source"": 2, ""inspect_all"": false}"
189,SHAP/100 Local Shap/shap_tuples_non_prefix_189.json,GOOD CREDIT RISK,0.0275,2,checking_status_<0,Checking account status: balance below 0 DM.,decrease_risk,-0.042468285532887194,0.042468285532887194,Investigation into the impact of checking account balances below zero on mitigating credit risk exposure.,"Based on the provided context, checking account balances below zero do not mitigate credit risk exposure; instead, they are associated with a significant increase in risk. The available evidence indicates that existing accounts with a low or negative balance exhibit a stronger increase in risk compared to other account status levels. This finding contradicts the premise that negative balances reduce exposure, suggesting they act as a risk amplifier within the credit scoring model. The analysis relies on partial dependence plots which visualize the interaction between account status and balance levels. Consequently, the variable functions as a positive predictor of default probability rather than a mitigating factor. The text highlights that this interaction is observable specifically for existing accounts, distinguishing them from other categories. Therefore, financial institutions should view negative balances as a warning signal for elevated credit risk. The data does not support the hypothesis that such balances lower the probability of default.

*   An observable interaction exists for existing accounts with a low or negative balance where the increase in risk is stronger (Source: How much do we see? On the explainability of partial dependence plots for credit risk scoring.pdf, page 10).
*   The risk increase is specifically noted for the interaction of account status and balance, distinguishing it from general status levels where the effect may differ (Source: How much do we see? On the explainability of partial dependence plots for credit risk scoring.pdf, page 10).","[{""source"": ""Interest and credit risk management in German banks.pdf"", ""page"": 8, ""score"": 0.24146199226379395}, {""source"": ""Interest and credit risk management in German banks.pdf"", ""page"": 24, ""score"": 0.24732881784439087}, {""source"": ""How much do we see? On the explainability of partial dependence plots for credit risk scoring.pdf"", ""page"": 10, ""score"": 0.24737787246704102}]","{""min_docs"": 3, ""max_docs"": 20, ""min_gap"": 0.001, ""max_chunks_per_source"": 2, ""inspect_all"": false}"
189,SHAP/100 Local Shap/shap_tuples_non_prefix_189.json,GOOD CREDIT RISK,0.0275,3,credit_amount,Credit amount requested by the applicant.,decrease_risk,-0.03270896794458621,0.03270896794458621,Statistical determinants of creditworthiness: influence of requested credit amount on lowering default likelihood.,"Based on the provided context, there is insufficient statistical evidence to determine the specific direction of the relationship between requested credit amount and default likelihood. The text acknowledges that loan terms, specifically loan size, are examined in empirical work regarding a borrower's ability to repay on time. However, the excerpts do not contain regression coefficients, p-values, or statistical tables that quantify this impact. Source 3 notes that financial variables are generally more important predictors than demographic characteristics, yet it does not specify whether loan size increases or decreases risk. Source 1 identifies income and credit history as influential variables but does not provide statistical values for credit amount. Consequently, the assertion that requested credit amount lowers default likelihood cannot be validated using these specific pages. The available information focuses on the importance of interpretability and variable categories rather than specific risk determinants. Without explicit beta values or significance levels, the statistical influence of credit amount remains undefined in this context. Therefore, no conclusion can be drawn regarding the lowering of default likelihood based solely on the provided text.

*   Loan size is identified as a loan term affecting repayment ability, but no regression coefficient is provided (Source: regression-based credit risk modeling.pdf, page 7).
*   Financial variables are stated to be more important predictors than demographic characteristics, without specific statistical values for credit amount (Source: regression-based credit risk modeling.pdf, page 7).
*   Income and credit history are listed as influential variables for creditworthiness, but requested credit amount lacks statistical detail (Source: Explainable Automated Machine Learning for Credit Decisions.pdf, page 12).","[{""source"": ""Explainable Automated Machine Learning for Credit Decisions.pdf"", ""page"": 12, ""score"": 0.18200236558914185}, {""source"": ""An_Investigation_of_Credit_Card_Default_Prediction_in_the_Imbalanced_Datasets.pdf"", ""page"": 1, ""score"": 0.18372321128845215}, {""source"": ""regression-based credit risk modeling.pdf"", ""page"": 7, ""score"": 0.18590062856674194}]","{""min_docs"": 3, ""max_docs"": 20, ""min_gap"": 0.001, ""max_chunks_per_source"": 2, ""inspect_all"": false}"
